id,category,family,status,mutants,tests,locations,k,minimum,producer_cpu_seconds,checker_cpu_seconds,certificate_bytes,branches,interval_result,interval_cpu_seconds,random_result,random_accepted,random_attempts,random_minimum,random_cpu_seconds
ambiguity-00,ambiguity,ambiguity,stable,8,19,2,1,,0.004003957000000002,0.0,301,4,stable,0.0,unknown,64,170,,0.0
ambiguity-01,ambiguity,ambiguity,stable,8,19,2,1,,0.0,0.0,301,4,stable,0.0,unknown,64,170,,0.003998838999999976
ambiguity-02,ambiguity,ambiguity,stable,8,19,2,1,,0.0,0.0,301,4,stable,0.0,unknown,64,173,,0.004000100999999923
ambiguity-03,ambiguity,ambiguity,stable,8,19,2,1,,0.0,0.0,301,4,stable,0.0,unknown,64,151,,0.004009884999999991
ambiguity-04,ambiguity,ambiguity,stable,8,19,2,1,,0.0,0.0,301,4,stable,0.0,unknown,64,166,,0.003992490000000015
ambiguity-05,ambiguity,ambiguity,stable,8,19,2,1,,0.0,0.0,301,4,stable,0.0,unknown,64,155,,0.0
ambiguity-06,ambiguity,ambiguity,stable,8,19,2,1,,0.0,0.0,301,4,stable,0.0,unknown,64,139,,0.0
ambiguity-07,ambiguity,ambiguity,stable,8,19,2,1,,0.0,0.0,301,4,stable,0.0,unknown,64,166,,0.003992329999999988
ambiguity-08,ambiguity,ambiguity,stable,8,19,2,1,,0.0,0.0,301,4,stable,0.0,unknown,64,154,,0.003998959000000024
ambiguity-09,ambiguity,ambiguity,stable,8,19,2,1,,0.0,0.0,301,4,stable,0.0,unknown,64,160,,0.003999569999999952
ambiguity-10,ambiguity,ambiguity,stable,8,19,2,1,,0.0,0.0,301,4,stable,0.0,unknown,64,185,,0.003999820999999959
ambiguity-11,ambiguity,ambiguity,stable,8,19,2,1,,0.0,0.0,301,4,stable,0.0,unknown,64,171,,0.00400295500000003
ambiguity-12,ambiguity,ambiguity,stable,8,19,2,1,,0.0,0.0,301,4,stable,0.0,unknown,64,169,,0.0
ambiguity-13,ambiguity,ambiguity,stable,8,19,2,1,,0.0,0.0,301,4,stable,0.0,unknown,64,168,,0.004000411000000037
ambiguity-14,ambiguity,ambiguity,stable,8,19,2,1,,0.0,0.0,301,4,stable,0.0,unknown,64,177,,0.0039990990000000615
ambiguity-15,ambiguity,ambiguity,stable,8,19,2,1,,0.0,0.0,301,4,stable,0.0,unknown,64,181,,0.0
ambiguity-16,ambiguity,ambiguity,stable,8,19,2,1,,0.0,0.0,301,4,stable,0.0,unknown,64,187,,0.0
ambiguity-17,ambiguity,ambiguity,stable,8,19,2,1,,0.0,0.0,301,4,stable,0.0,unknown,64,168,,0.008015054999999993
ambiguity-18,ambiguity,ambiguity,stable,8,19,2,1,,0.0,0.004066923999999972,301,4,stable,0.0,unknown,64,165,,0.0
ambiguity-19,ambiguity,ambiguity,stable,8,19,2,1,,0.0,0.0,301,4,stable,0.0,unknown,64,173,,0.0
ambiguity-20,ambiguity,ambiguity,stable,8,19,2,1,,0.0,0.0,301,4,stable,0.0,unknown,64,193,,0.003997486999999911
ambiguity-21,ambiguity,ambiguity,stable,8,19,2,1,,0.0,0.0,301,4,stable,0.0,unknown,64,166,,0.003999529999999973
ambiguity-22,ambiguity,ambiguity,stable,8,19,2,1,,0.0,0.0,301,4,stable,0.004131096000000056,unknown,64,150,,0.0
ambiguity-23,ambiguity,ambiguity,stable,8,19,2,1,,0.0,0.0,301,4,stable,0.0,unknown,64,197,,0.0039990300000001255
ambiguity-24,ambiguity,ambiguity,stable,8,19,2,1,,0.0,0.0,301,4,stable,0.0,unknown,64,166,,0.004000841999999949
ambiguity-25,ambiguity,ambiguity,stable,8,19,2,1,,0.0,0.0,301,4,stable,0.0,unknown,64,177,,0.0
ambiguity-26,ambiguity,ambiguity,stable,8,19,2,1,,0.0,0.0,301,4,stable,0.0,unknown,64,174,,0.004044608000000061
ambiguity-27,ambiguity,ambiguity,stable,8,19,2,1,,0.0,0.003956084999999998,301,4,stable,0.0,unknown,64,170,,0.0
ambiguity-28,ambiguity,ambiguity,stable,8,19,2,1,,0.0,0.0,301,4,stable,0.0,unknown,64,171,,0.003995103999999916
ambiguity-29,ambiguity,ambiguity,stable,8,19,2,1,,0.0,0.0,301,4,stable,0.0,unknown,64,175,,0.00399760700000007
ambiguity-30,ambiguity,ambiguity,stable,8,19,2,1,,0.0,0.0,301,4,stable,0.00409186699999986,unknown,64,217,,0.0
ambiguity-31,ambiguity,ambiguity,stable,8,19,2,1,,0.0,0.0,301,4,stable,0.0,unknown,64,174,,0.0040011620000000025
ambiguity-32,ambiguity,ambiguity,stable,8,19,2,1,,0.0,0.0,301,4,stable,0.0,unknown,64,137,,0.003999150000000062
ambiguity-33,ambiguity,ambiguity,stable,8,19,2,1,,0.0,0.0,301,4,stable,0.0,unknown,64,174,,0.003925390000000029
ambiguity-34,ambiguity,ambiguity,stable,8,19,2,1,,0.0,0.004002725000000096,301,4,stable,0.0,unknown,64,180,,0.0
ambiguity-35,ambiguity,ambiguity,stable,8,19,2,1,,0.0,0.0,301,4,stable,0.0,unknown,64,153,,0.0039977270000000065
ambiguity-36,ambiguity,ambiguity,stable,8,19,2,1,,0.0,0.0,301,4,stable,0.0,unknown,64,153,,0.004003164999999864
ambiguity-37,ambiguity,ambiguity,stable,8,19,2,1,,0.0,0.0,301,4,stable,0.0,unknown,64,154,,0.003999470000000116
ambiguity-38,ambiguity,ambiguity,stable,8,19,2,1,,0.0,0.0,301,4,stable,0.0,unknown,64,144,,0.003998898999999945
ambiguity-39,ambiguity,ambiguity,stable,8,19,2,1,,0.0,0.0,301,4,stable,0.0,unknown,64,172,,0.0040009519999999466
fixture-00,fixture,fixture,stable,4,4,2,1,,0.0,0.0,195,2,unknown,0.0,unknown,64,219,,0.0
fixture-01,fixture,fixture,counterexample,4,4,2,1,2,0.0,0.0,199,2,unknown,0.0,observed_counterexample,64,94,2,0.003992961000000017
fixture-02,fixture,fixture,counterexample,5,2,2,1,4,0.0,0.0,347,4,unknown,0.0,observed_counterexample,64,111,4,0.0
fixture-03,fixture,fixture,counterexample,40,2,2,1,20,0.0,0.0,1304,20,unknown,0.003998208000000059,unknown,64,64,,0.004000121000000023
fixture-04,fixture,fixture,stable,2,2,2,1,,0.0,0.0,129,1,stable,0.0,unknown,64,134,,0.0
fixture-05,fixture,fixture,stable,2,1,2,1,,0.0,0.0,74,0,stable,0.0,unknown,64,64,,0.0
fixture-06,fixture,fixture,counterexample,2,1,2,1,1,0.0,0.0,141,1,unknown,0.0,observed_counterexample,64,64,1,0.0
fixture-07,fixture,fixture,stable,2,2,2,1,,0.0,0.0,129,1,stable,0.0,unknown,64,398,,0.0
fixture-08,fixture,fixture,infeasible_policy,2,1,2,1,,0.0,0.0,99,0,infeasible_policy,0.0,unknown,0,4096,,0.015991019999999967
fixture-09,fixture,fixture,stable,2,1,2,2,,0.0,0.0,73,0,stable,0.0,unknown,64,64,,0.0
fixture-10,fixture,fixture,stable,2,1,2,1,,0.0,0.0,136,1,stable,0.0,unknown,64,64,,0.0
fixture-11,fixture,fixture,stable,1,1,2,1,,0.0,0.0,73,0,stable,0.0,unknown,64,64,,0.0
fixture-12,fixture,fixture,counterexample,1,1,2,1,1,0.0,0.0,146,1,unknown,0.0,observed_counterexample,64,64,1,0.0
fixture-13,fixture,fixture,stable,0,1,2,1,,0.0,0.0,73,0,stable,0.0,unknown,64,64,,0.0038456609999999447
fixture-14,fixture,fixture,counterexample,0,1,2,1,0,0.0,0.0,141,1,unknown,0.0,observed_counterexample,64,64,0,0.0
fixture-15,fixture,fixture,stable,4,4,3,2,,0.0,0.0,76,0,stable,0.0,unknown,64,194,,0.00399703600000012
fixture-16,fixture,fixture,infeasible_policy,2,1,2,1,,0.0,0.0,93,0,infeasible_policy,0.0,unknown,0,4096,,0.01200234599999983
fixture-17,fixture,fixture,stable,40,1,2,1,,0.01200249600000003,0.0,1299,19,stable,0.0,unknown,64,64,,0.00800874500000015
fixture-18,fixture,fixture,stable,2,2,2,1,,0.0,0.0,136,1,stable,0.0,unknown,64,64,,0.0
fixture-19,fixture,fixture,counterexample,2,2,2,1,0,0.0,0.0,197,2,unknown,0.0,observed_counterexample,64,64,0,0.003536109999999981
program-000,program,affine,counterexample,15,49,6,1,6,0.0,0.0,844,13,unknown,0.0,observed_counterexample,64,1378,6,0.01599856100000019
program-001,program,affine,counterexample,15,49,6,1,6,0.0,0.00399326099999997,787,12,unknown,0.0,observed_counterexample,64,1691,6,0.020022738000000206
program-002,program,affine,counterexample,15,49,6,1,6,0.0,0.0,844,13,unknown,0.0,observed_counterexample,64,3692,6,0.03199564899999996
program-003,program,affine,counterexample,15,49,6,1,6,0.0,0.0,787,12,unknown,0.003938728999999919,observed_counterexample,64,1830,6,0.020002948999999992
program-004,program,affine,counterexample,15,49,6,1,6,0.0035455250000000493,0.0,844,13,unknown,0.0,observed_counterexample,64,947,6,0.011995154999999924
program-005,program,affine,counterexample,15,49,6,1,6,0.0,0.0,787,12,unknown,0.0,observed_counterexample,64,1256,6,0.015995376000000006
program-006,program,affine,counterexample,15,49,6,1,6,0.0,0.0,844,13,unknown,0.0,observed_counterexample,64,824,6,0.01200405800000004
program-007,program,affine,counterexample,15,49,6,1,6,0.0,0.0,787,12,unknown,0.004599813000000008,observed_counterexample,64,840,7,0.011397891999999965
program-008,program,affine,counterexample,15,49,6,1,6,0.0,0.0,844,13,unknown,0.0,observed_counterexample,64,1382,6,0.016002215999999958
program-009,program,affine,counterexample,15,49,6,1,6,0.0,0.0,787,12,unknown,0.004154851000000015,observed_counterexample,64,945,7,0.011839769000000055
program-010,program,affine,counterexample,15,49,6,1,6,0.0,0.0,844,13,unknown,0.0,observed_counterexample,64,816,6,0.011865491999999866
program-011,program,affine,counterexample,15,49,6,1,6,0.0,0.0,787,12,unknown,0.0,observed_counterexample,64,1018,6,0.011997008000000031
program-012,program,affine,counterexample,15,49,6,1,6,0.0,0.0,844,13,unknown,0.0,observed_counterexample,59,4096,6,0.03202684599999994
program-013,program,affine,counterexample,15,49,6,1,6,0.0,0.0,787,12,unknown,0.0,observed_counterexample,64,1113,6,0.01599581700000008
program-014,program,affine,counterexample,15,49,6,1,6,0.004005188000000048,0.0,844,13,unknown,0.0,observed_counterexample,64,2806,6,0.019993595000000086
program-015,program,affine,counterexample,15,49,6,1,6,0.0,0.0,787,12,unknown,0.004006960999999976,observed_counterexample,64,1091,6,0.011995835999999871
program-016,program,affine,stable,15,49,6,1,,0.0,0.0,1157,13,stable,0.0,unknown,64,1130,,0.015999643000000008
program-017,program,affine,counterexample,15,49,6,1,6,0.0,0.0,787,12,unknown,0.004000552000000157,observed_counterexample,64,1327,6,0.015993282999999803
program-018,program,affine,stable,15,49,6,1,,0.0,0.0,1157,13,stable,0.003801476000000026,unknown,64,771,,0.008006901999999982
program-019,program,affine,stable,15,49,6,1,,0.004003946999999952,0.0,1157,13,stable,0.0,unknown,64,1209,,0.01600106499999998
program-020,program,clamp,counterexample,15,49,6,1,6,0.0,0.0,1074,17,unknown,0.0,observed_counterexample,64,2309,6,0.019993374000000008
program-021,program,clamp,stable,15,49,6,1,,0.0,0.0,1240,14,stable,0.0,unknown,64,999,,0.01599517600000011
program-022,program,clamp,counterexample,15,49,6,1,6,0.003992830000000058,0.0,960,15,unknown,0.0,observed_counterexample,64,2116,6,0.020005912999999875
program-023,program,clamp,stable,15,49,6,1,,0.003998418000000115,0.0,1240,14,stable,0.0,unknown,64,987,,0.012003106999999957
program-024,program,clamp,counterexample,15,49,6,1,6,0.0,0.0,845,13,unknown,0.0,observed_counterexample,64,852,6,0.012221963000000002
program-025,program,clamp,stable,15,49,6,1,,0.0,0.0,1240,14,stable,0.0,unknown,64,874,,0.011993692999999972
program-026,program,clamp,stable,15,49,6,1,,0.003829056000000053,0.0,1157,13,stable,0.0,unknown,64,2479,,0.020003889999999913
program-027,program,clamp,stable,15,49,6,1,,0.0,0.0,1240,14,stable,0.003999899999999945,unknown,64,884,,0.007997859000000052
program-028,program,clamp,counterexample,15,49,6,1,6,0.0,0.003998659000000071,845,13,unknown,0.0,observed_counterexample,64,2975,7,0.02399678999999999
program-029,program,clamp,stable,15,49,6,1,,0.003999921000000128,0.0,1240,14,stable,0.0,unknown,64,1600,,0.015994634999999757
program-030,program,clamp,counterexample,15,49,6,1,6,0.0,0.0,845,13,unknown,0.0,observed_counterexample,64,1501,7,0.016000833999999742
program-031,program,clamp,counterexample,15,49,6,1,6,0.0,0.0,903,14,unknown,0.004002605000000159,observed_counterexample,64,1742,6,0.01599571700000002
program-032,program,clamp,counterexample,15,49,6,1,6,0.0,0.00399900899999972,844,13,unknown,0.0,observed_counterexample,64,927,6,0.007997628000000034
program-033,program,clamp,counterexample,15,49,6,1,6,0.0,0.0,902,14,unknown,0.0,observed_counterexample,64,3608,6,0.027994077000000228
program-034,program,clamp,stable,15,49,6,1,,0.003998608999999931,0.0,1158,13,stable,0.0,unknown,64,2108,,0.01999854199999973
program-035,program,clamp,counterexample,15,49,6,1,6,0.0,0.0,902,14,unknown,0.003956776999999967,observed_counterexample,64,1105,6,0.011996717000000157
program-036,program,clamp,counterexample,15,49,6,1,6,0.0,0.003998709000000211,960,15,unknown,0.0,observed_counterexample,64,897,6,0.02808717500000002
program-037,program,clamp,counterexample,15,49,6,1,6,0.0,0.0,902,14,unknown,0.004248550999999878,observed_counterexample,64,2975,6,0.03973677199999992
program-038,program,clamp,counterexample,15,49,6,1,6,0.0,0.0,845,13,unknown,0.0,observed_counterexample,64,2513,6,0.020001166000000126
program-039,program,clamp,stable,15,49,6,1,,0.0019631309999996738,0.0,1158,13,stable,0.0,unknown,64,3220,,0.03200106800000002
program-040,program,tariff,counterexample,15,49,6,1,6,0.0,0.0,845,13,unknown,0.004000551999999935,observed_counterexample,64,2892,6,0.0279995839999998
program-041,program,tariff,counterexample,15,49,6,1,6,0.0,0.007353630000000333,787,12,unknown,0.0006503969999998027,observed_counterexample,64,865,6,0.011995776000000014
program-042,program,tariff,counterexample,15,49,6,1,6,0.0,0.0,844,13,unknown,0.0,observed_counterexample,64,1168,6,0.016203871000000092
program-043,program,tariff,counterexample,15,49,6,1,6,0.0,0.00396240499999978,902,14,unknown,0.0,observed_counterexample,64,1022,6,0.012002757000000308
program-044,program,tariff,counterexample,15,49,6,1,6,0.004003985999999848,0.0,845,13,unknown,0.0,observed_counterexample,64,1233,6,0.0159936540000003
program-045,program,tariff,counterexample,15,49,6,1,6,0.0,0.004005509000000185,787,12,unknown,0.0,observed_counterexample,64,779,6,0.008000473000000063
program-046,program,tariff,counterexample,15,49,6,1,6,0.0,0.0,844,13,unknown,0.0,observed_counterexample,64,944,6,0.011994704000000134
program-047,program,tariff,counterexample,15,49,6,1,6,0.0,0.0,787,12,unknown,0.003998289000000099,observed_counterexample,64,1111,6,0.00799983099999979
program-048,program,tariff,counterexample,15,49,6,1,6,0.0,0.0,845,13,unknown,0.00401208800000008,observed_counterexample,64,3901,6,0.03198691699999978
program-049,program,tariff,counterexample,15,49,6,1,6,0.0,0.004006190000000132,787,12,unknown,0.0,observed_counterexample,64,2865,6,0.02000026499999974
program-050,program,tariff,counterexample,15,49,6,1,6,0.0,0.0,845,13,unknown,0.003998348000000096,observed_counterexample,64,971,6,0.011992722000000011
program-051,program,tariff,counterexample,15,49,6,1,6,0.0,0.0,787,12,unknown,0.0,observed_counterexample,64,1526,6,0.015997318999999788
program-052,program,tariff,counterexample,15,49,6,1,6,0.0,0.0,845,13,unknown,0.00403914900000002,observed_counterexample,64,3687,6,0.027957801999999976
program-053,program,tariff,counterexample,15,49,6,1,6,0.004012288999999836,0.0,787,12,unknown,0.0,observed_counterexample,64,2109,6,0.019987045000000148
program-054,program,tariff,counterexample,15,49,6,1,6,0.0,0.003999931000000068,844,13,unknown,0.0,observed_counterexample,64,598,6,0.007998379
program-055,program,tariff,counterexample,15,49,6,1,6,0.0,0.0,787,12,unknown,0.0,observed_counterexample,64,3044,6,0.028002097999999975
program-056,program,tariff,counterexample,15,49,6,1,6,0.0039996199999996485,0.0,844,13,unknown,0.0,observed_counterexample,64,983,6,0.011993082000000044
program-057,program,tariff,counterexample,15,49,6,1,6,0.0,0.0,787,12,unknown,0.0,observed_counterexample,64,1116,6,0.011994043000000065
program-058,program,tariff,counterexample,15,49,6,1,6,0.0,0.0,844,13,unknown,0.0,observed_counterexample,64,909,6,0.011971840999999817
program-059,program,tariff,counterexample,15,49,6,1,6,0.0,0.0,844,13,unknown,0.0,observed_counterexample,64,894,6,0.012001694999999923
program-060,program,median,counterexample,15,49,6,1,6,0.0,0.0,844,13,unknown,0.003997297000000177,observed_counterexample,64,780,6,0.012487576999999916
program-061,program,median,stable,15,49,6,1,,0.004001283000000022,0.0,1240,14,stable,0.0,unknown,64,3130,,0.023989118999999892
program-062,program,median,counterexample,15,49,6,1,6,0.0,0.0,961,15,unknown,0.004003635999999755,observed_counterexample,64,1277,6,0.011995575999999897
program-063,program,median,stable,15,49,6,1,,0.0,0.0,1552,18,stable,0.003958029000000085,unknown,64,1408,,0.012003758000000087
program-064,program,median,counterexample,15,49,6,1,6,0.0,0.0,845,13,unknown,0.003999319999999695,observed_counterexample,64,2625,6,0.02399142199999993
program-065,program,median,stable,15,49,6,1,,0.0,0.0,1552,18,stable,0.0,unknown,64,1441,,0.01599404400000015
program-066,program,median,counterexample,15,49,6,1,6,0.0,0.0,961,15,unknown,0.004002024000000048,observed_counterexample,64,1342,6,0.011989196000000035
program-067,program,median,counterexample,15,49,6,1,6,0.0,0.0,902,14,unknown,0.003999309999999756,observed_counterexample,64,803,6,0.00800015200000015
program-068,program,median,stable,15,49,6,1,,0.0,0.0,1323,15,stable,0.004000281000000161,unknown,64,1227,,0.011998269999999867
program-069,program,median,stable,15,49,6,1,,0.003967283000000155,0.0,1406,16,stable,0.0,unknown,64,868,,0.011999991999999793
program-070,program,median,counterexample,15,49,6,1,6,0.004004297999999906,0.0,1074,17,unknown,0.0,observed_counterexample,64,1596,8,0.015993723000000237
program-071,program,median,stable,15,49,6,1,,0.0,0.0,1552,18,stable,0.0,unknown,64,1114,,0.011997087999999767
program-072,program,median,counterexample,15,49,6,1,6,0.0,0.0,844,13,unknown,0.00400772199999988,observed_counterexample,64,2999,6,0.023995017000000285
program-073,program,median,counterexample,15,49,6,1,6,0.0,0.0,1016,16,unknown,0.0,observed_counterexample,64,1881,6,0.01999279300000012
program-074,program,median,stable,15,49,6,1,,0.0,0.0,1323,15,stable,0.0,unknown,64,1650,,0.015810411999999996
program-075,program,median,counterexample,15,49,6,1,6,0.0,0.00405515199999984,1018,16,unknown,0.0,observed_counterexample,64,1409,6,0.01994371000000017
program-076,program,median,counterexample,15,49,6,1,6,0.004001732999999952,0.0,1074,17,unknown,0.0,observed_counterexample,64,1393,7,0.01599834099999997
program-077,program,median,stable,15,49,6,1,,0.0,0.0,1552,18,stable,0.0,unknown,64,1084,,0.012000543000000086
program-078,program,median,stable,15,49,6,1,,0.00400136299999998,0.0,1157,13,stable,0.0,unknown,64,828,,0.011992631000000031
program-079,program,median,counterexample,15,49,6,1,6,0.00399979100000003,0.0,1074,17,unknown,0.0,observed_counterexample,64,2068,7,0.019997720000000108
program-080,program,interval,stable,15,49,6,1,,0.00400312600000019,0.0,1157,13,stable,0.0,unknown,64,1036,,0.011995094999999623
program-081,program,interval,counterexample,15,49,6,1,6,0.004004367999999925,0.0,787,12,unknown,0.0,observed_counterexample,64,1904,6,0.015992632000000118
program-082,program,interval,counterexample,15,49,6,1,6,0.0,0.0,844,13,unknown,0.0,observed_counterexample,64,851,6,0.01202126399999992
program-083,program,interval,counterexample,15,49,6,1,6,0.004005438999999722,0.0,787,12,unknown,0.0,observed_counterexample,64,1240,6,0.011991289000000016
program-084,program,interval,counterexample,15,49,6,1,6,0.0,0.0,844,13,unknown,0.0,observed_counterexample,64,2501,6,0.019999263000000322
program-085,program,interval,counterexample,15,49,6,1,6,0.0,0.003996385999999852,787,12,unknown,0.0,observed_counterexample,64,1141,6,0.011998410000000348
program-086,program,interval,stable,15,49,6,1,,0.00399914999999984,0.0,1157,13,stable,0.0,unknown,64,1149,,0.011998409999999904
program-087,program,interval,counterexample,15,49,6,1,6,0.0,0.0,787,12,unknown,0.0,observed_counterexample,64,1967,6,0.019998522000000296
program-088,program,interval,counterexample,15,49,6,1,6,0.0,0.0,844,13,unknown,0.004040161000000264,observed_counterexample,64,1326,6,0.011957358000000085
program-089,program,interval,counterexample,15,49,6,1,6,0.0,0.0,787,12,unknown,0.0,observed_counterexample,64,1800,6,0.01599791000000028
program-090,program,interval,stable,15,49,6,1,,0.0040059190000003575,0.0,1157,13,stable,0.0,unknown,64,1295,,0.011993292999999738
program-091,program,interval,counterexample,15,49,6,1,6,0.0,0.0,787,12,unknown,0.0,observed_counterexample,64,1001,6,0.011997919000000135
program-092,program,interval,stable,15,49,6,1,,0.0,0.003994152000000195,1157,13,stable,0.0,unknown,64,824,,0.007999089999999764
program-093,program,interval,counterexample,15,49,6,1,6,0.0,0.003999990000000064,787,12,unknown,0.0,observed_counterexample,64,2140,7,0.019999534000000097
program-094,program,interval,counterexample,15,49,6,1,6,0.0,0.0,844,13,unknown,0.004000211000000142,observed_counterexample,64,1817,6,0.015996598000000084
program-095,program,interval,counterexample,15,49,6,1,6,0.0,0.0,787,12,unknown,0.00399754699999999,observed_counterexample,64,2225,6,0.019997569999999687
program-096,program,interval,counterexample,15,49,6,1,6,0.0,0.0,844,13,unknown,0.004001342000000019,observed_counterexample,64,924,6,0.011999472000000289
program-097,program,interval,counterexample,15,49,6,1,6,0.0,0.0,787,12,unknown,0.0,observed_counterexample,64,1458,6,0.019997689999999846
program-098,program,interval,counterexample,15,49,6,1,6,0.0,0.0,844,13,unknown,0.0,observed_counterexample,64,1244,6,0.01999322300000017
program-099,program,interval,counterexample,15,49,6,1,6,0.0,0.0,844,13,unknown,0.0,observed_counterexample,64,1369,7,0.01599628700000011
program-100,program,predicate,stable,15,49,6,1,,0.0039997000000000504,0.0,1157,13,stable,0.0,unknown,64,2139,,0.01999812099999998
program-101,program,predicate,counterexample,15,49,6,1,6,0.0,0.0,787,12,unknown,0.0,observed_counterexample,64,1174,6,0.011974424000000372
program-102,program,predicate,counterexample,15,49,6,1,6,0.0,0.0,845,13,unknown,0.003998108000000222,observed_counterexample,64,1759,6,0.011999530999999841
program-103,program,predicate,counterexample,15,49,6,1,6,0.0,0.0,1016,16,unknown,0.0,observed_counterexample,64,1439,6,0.015998832000000185
program-104,program,predicate,counterexample,15,49,6,1,6,0.003997696999999967,0.0,845,13,unknown,0.0,observed_counterexample,64,2219,6,0.019998812000000754
program-105,program,predicate,stable,15,49,6,1,,0.0,0.0,1552,18,stable,0.003999929999999985,unknown,64,1818,,0.01599971300000025
program-106,program,predicate,stable,15,49,6,1,,0.0,0.0,1157,13,stable,0.0,unknown,64,782,,0.012002535999999786
program-107,program,predicate,counterexample,15,49,6,1,6,0.004003545999999858,0.0,787,12,unknown,0.0,observed_counterexample,64,1218,6,0.015997049000000096
program-108,program,predicate,counterexample,15,49,6,1,6,0.0,0.0,960,15,unknown,0.003999048999999921,observed_counterexample,64,874,6,0.007999431000000001
program-109,program,predicate,counterexample,15,49,6,1,6,0.0,0.0,902,14,unknown,0.003999809999999826,observed_counterexample,64,1321,6,0.011999222000000032
program-110,program,predicate,counterexample,15,49,6,1,6,0.0,0.0,844,13,unknown,0.0,observed_counterexample,64,1217,6,0.015988124999999798
program-111,program,predicate,stable,15,49,6,1,,0.003994903000000605,0.0,1552,18,stable,0.0,unknown,64,1146,,0.011998169999999142
program-112,program,predicate,stable,15,49,6,1,,0.0040022549999996215,0.0,1157,13,stable,0.0,unknown,64,1263,,0.011996577000000563
program-113,program,predicate,counterexample,15,49,6,1,6,0.004000500999999268,0.0,787,12,unknown,0.0,observed_counterexample,64,2796,6,0.024000716000000644
program-114,program,predicate,counterexample,15,49,6,1,6,0.0,0.0,845,13,unknown,0.004007542000000086,observed_counterexample,64,651,6,0.00799044800000015
program-115,program,predicate,counterexample,15,49,6,1,6,0.0,0.0,1016,16,unknown,0.0,observed_counterexample,64,1811,6,0.02000052500000038
program-116,program,predicate,counterexample,15,49,6,1,6,0.0,0.0,845,13,unknown,0.0,observed_counterexample,64,1517,6,0.01600026400000054
program-117,program,predicate,counterexample,15,49,6,1,6,0.0,0.0,1132,18,unknown,0.0040009919999999255,observed_counterexample,64,893,6,0.011993441999999632
program-118,program,predicate,stable,15,49,6,1,,0.00391904999999948,0.0,1157,13,stable,0.0,unknown,64,1135,,0.011998660000000605
program-119,program,predicate,stable,15,49,6,1,,0.0,0.0,1323,15,stable,0.004000031000000348,unknown,64,844,,0.007998578999999673
program-120,program,accumulator,counterexample,15,49,6,1,6,0.004000141000000568,0.0,844,13,unknown,0.0,observed_counterexample,64,1427,6,0.016001284999999754
program-121,program,accumulator,counterexample,15,49,6,1,6,0.0,0.0,787,12,unknown,0.004820801999999347,observed_counterexample,64,881,6,0.011173413000000743
program-122,program,accumulator,stable,15,49,6,1,,0.003998689000000333,0.0,1157,13,stable,0.0,unknown,64,974,,0.01199943099999956
program-123,program,accumulator,counterexample,15,49,6,1,6,0.0,0.0,787,12,unknown,0.003999710999999628,observed_counterexample,64,1588,6,0.015999311999999932
program-124,program,accumulator,counterexample,15,49,6,1,6,0.0,0.0,844,13,unknown,0.003994712999999983,observed_counterexample,63,4096,6,0.028003640999999746
program-125,program,accumulator,counterexample,15,49,6,1,6,0.0,0.0,787,12,unknown,0.0,observed_counterexample,64,1327,6,0.015985921999999597
program-126,program,accumulator,stable,15,49,6,1,,0.00400598000000052,0.0,1157,13,stable,0.0,unknown,64,800,,0.011997207999999482
program-127,program,accumulator,counterexample,15,49,6,1,6,0.0,0.0,787,12,unknown,0.0,observed_counterexample,64,1939,7,0.01599946199999991
program-128,program,accumulator,counterexample,15,49,6,1,6,0.0,0.0,844,13,unknown,0.0,observed_counterexample,64,1606,6,0.019987024999999825
program-129,program,accumulator,counterexample,15,49,6,1,6,0.0,0.0,787,12,unknown,0.004358954999999831,observed_counterexample,64,1491,6,0.019672285999999595
program-130,program,accumulator,counterexample,15,49,6,1,6,0.0,0.0,844,13,unknown,0.0,observed_counterexample,64,2927,6,0.028000216000000577
program-131,program,accumulator,counterexample,15,49,6,1,6,0.0,0.003999950999999946,787,12,unknown,0.0,observed_counterexample,64,1668,6,0.023998702000000094
program-132,program,accumulator,counterexample,15,49,6,1,6,0.0,0.0,844,13,unknown,0.0,observed_counterexample,64,1315,6,0.019998481000000012
program-133,program,accumulator,counterexample,15,49,6,1,6,0.0,0.0,787,12,unknown,0.0,observed_counterexample,64,944,6,0.011997920000000661
program-134,program,accumulator,stable,15,49,6,1,,0.0,0.0,1157,13,stable,0.0,unknown,64,1428,,0.01599597699999933
program-135,program,accumulator,counterexample,15,49,6,1,6,0.0,0.0,787,12,unknown,0.0,observed_counterexample,64,936,6,0.011994574000000036
program-136,program,accumulator,stable,15,49,6,1,,0.004005900000000118,0.0,1157,13,stable,0.0,unknown,64,949,,0.011989656999999987
program-137,program,accumulator,counterexample,15,49,6,1,6,0.0,0.0,787,12,unknown,0.00399920999999992,observed_counterexample,64,1458,6,0.019998501999999974
program-138,program,accumulator,stable,15,49,6,1,,0.003999170000000163,0.0,1157,13,stable,0.0,unknown,64,834,,0.01200071299999994
program-139,program,accumulator,counterexample,15,49,6,1,6,0.0,0.0,844,13,unknown,0.0,observed_counterexample,64,1359,6,0.01600035299999991
program-140,program,remainder,counterexample,15,49,6,1,6,0.0,0.0,844,13,unknown,0.0,observed_counterexample,64,1386,6,0.011999842000000704
program-141,program,remainder,counterexample,15,49,6,1,6,0.0,0.0,787,12,unknown,0.003965178999999708,observed_counterexample,64,1033,6,0.011996837999999954
program-142,program,remainder,stable,15,49,6,1,,0.00399990100000025,0.0,1157,13,stable,0.0,unknown,64,709,,0.012001974999999554
program-143,program,remainder,counterexample,15,49,6,1,6,0.0,0.0,787,12,unknown,0.0,observed_counterexample,64,2190,6,0.019992712999999718
program-144,program,remainder,stable,15,49,6,1,,0.0,0.0,1157,13,stable,0.0,unknown,64,699,,0.011998639999999838
program-145,program,remainder,counterexample,15,49,6,1,6,0.0,0.0,787,12,unknown,0.0,observed_counterexample,64,1263,6,0.011991680000000393
program-146,program,remainder,counterexample,15,49,6,1,6,0.0,0.0,844,13,unknown,0.0,observed_counterexample,64,1589,6,0.015997900000000342
program-147,program,remainder,counterexample,15,49,6,1,6,0.0,0.0,787,12,unknown,0.0,observed_counterexample,64,825,6,0.012000923999999635
program-148,program,remainder,counterexample,15,49,6,1,6,0.0,0.0,844,13,unknown,0.0,observed_counterexample,64,2299,6,0.019848448000000296
program-149,program,remainder,counterexample,15,49,6,1,6,0.0,0.0,787,12,unknown,0.00400047099999945,observed_counterexample,64,4021,6,0.027999104000000052
program-150,program,remainder,counterexample,15,49,6,1,6,0.0,0.0,844,13,unknown,0.0,observed_counterexample,64,2123,6,0.019999412999999855
program-151,program,remainder,counterexample,15,49,6,1,6,0.0,0.004000962000000108,787,12,unknown,0.0,observed_counterexample,64,1215,6,0.011995675999999733
program-152,program,remainder,stable,15,49,6,1,,0.003999260000000504,0.0,1157,13,stable,0.0,unknown,64,926,,0.011995165000000085
program-153,program,remainder,counterexample,15,49,6,1,6,0.0,0.0,787,12,unknown,0.0,observed_counterexample,64,1533,6,0.0159941839999993
program-154,program,remainder,counterexample,15,49,6,1,6,0.0040017629999997695,0.0,844,13,unknown,0.0,observed_counterexample,64,1139,6,0.011999432000000532
program-155,program,remainder,counterexample,15,49,6,1,6,0.0,0.0,787,12,unknown,0.0,observed_counterexample,64,1167,6,0.016001790999999876
program-156,program,remainder,stable,15,49,6,1,,0.0,0.0,1157,13,stable,0.0,unknown,64,1823,,0.015991069000000024
program-157,program,remainder,counterexample,15,49,6,1,6,0.0,0.0,787,12,unknown,0.0,observed_counterexample,64,2064,6,0.019993133999999912
program-158,program,remainder,stable,15,49,6,1,,0.0,0.0,1157,13,stable,0.004001873000000877,unknown,64,1077,,0.011996717999999795
program-159,program,remainder,counterexample,15,49,6,1,6,0.0,0.0,844,13,unknown,0.0,observed_counterexample,64,1146,6,0.015994934999999266
program-160,program,bucket,counterexample,15,49,6,1,6,0.0,0.0,844,13,unknown,0.003999750000000191,observed_counterexample,64,1122,6,0.012000472999999623
program-161,program,bucket,stable,15,49,6,1,,0.003997638000000414,0.0,1240,14,stable,0.0,unknown,64,3829,,0.03200056699999987
program-162,program,bucket,counterexample,15,49,6,1,6,0.0,0.0,961,15,unknown,0.0,observed_counterexample,64,901,6,0.011999782000000181
program-163,program,bucket,counterexample,15,49,6,1,6,0.0,0.0,903,14,unknown,0.0,observed_counterexample,64,1050,6,0.012001043999999794
program-164,program,bucket,counterexample,15,49,6,1,6,0.003999259000000421,0.0,1074,17,unknown,0.0,observed_counterexample,64,3494,6,0.03199158400000002
program-165,program,bucket,counterexample,15,49,6,1,6,0.0,0.0,1132,18,unknown,0.003999891000000311,observed_counterexample,64,1977,6,0.01600452999999913
program-166,program,bucket,counterexample,15,49,6,1,6,0.0,0.0,844,13,unknown,0.0,observed_counterexample,64,2792,6,0.03599063800000035
program-167,program,bucket,stable,15,49,6,1,,0.0039864109999996344,0.0,1240,14,stable,0.0,unknown,64,2034,,0.019997860000000145
program-168,program,bucket,counterexample,15,49,6,1,6,0.0,0.0,961,15,unknown,0.0,observed_counterexample,64,1751,6,0.023992513000000493
program-169,program,bucket,counterexample,15,49,6,1,6,0.0,0.0,903,14,unknown,0.0,observed_counterexample,64,2306,6,0.023999773999999974
program-170,program,bucket,counterexample,15,49,6,1,6,0.0,0.0,961,15,unknown,0.0,observed_counterexample,64,1552,6,0.015998570999999906
program-171,program,bucket,counterexample,15,49,6,1,6,0.0,0.0,1132,18,unknown,0.003999830999999787,observed_counterexample,64,1357,7,0.011999501000000024
program-172,program,bucket,counterexample,15,49,6,1,6,0.0,0.0,844,13,unknown,0.0039938610000005426,observed_counterexample,64,893,6,0.007997307999999315
program-173,program,bucket,counterexample,15,49,6,1,6,0.0,0.0,903,14,unknown,0.004000522000000117,observed_counterexample,64,1443,6,0.016000103000000543
program-174,program,bucket,counterexample,15,49,6,1,6,0.0,0.0,960,15,unknown,0.0,observed_counterexample,64,1111,6,0.011990968999999296
program-175,program,bucket,counterexample,15,49,6,1,6,0.0,0.0,787,12,unknown,0.003997487000000355,observed_counterexample,64,1020,6,0.011999912999999474
program-176,program,bucket,counterexample,15,49,6,1,6,0.0,0.0,960,15,unknown,0.0,observed_counterexample,64,1262,6,0.01600006399999998
program-177,program,bucket,stable,15,49,6,1,,0.0,0.003999090000000649,1552,18,stable,0.0,unknown,64,1031,,0.011999811999999999
program-178,program,bucket,counterexample,15,49,6,1,6,0.0,0.003954582999999623,844,13,unknown,0.0,observed_counterexample,64,1265,6,0.012001094000000379
program-179,program,bucket,counterexample,15,49,6,1,6,0.0,0.0,961,15,unknown,0.0,observed_counterexample,64,1424,6,0.0159992020000006
program-180,program,polynomial,counterexample,15,49,6,1,6,0.0040030549999992004,0.0,960,15,unknown,0.0,observed_counterexample,64,1637,6,0.015996829000000545
program-181,program,polynomial,counterexample,15,49,6,1,6,0.0,0.0,902,14,unknown,0.0,observed_counterexample,64,1067,6,0.01199883000000046
program-182,program,polynomial,counterexample,15,49,6,1,6,0.0,0.0,961,15,unknown,0.0,observed_counterexample,64,1417,6,0.015994895000000398
program-183,program,polynomial,counterexample,15,49,6,1,6,0.0,0.0,903,14,unknown,0.0,observed_counterexample,64,2605,6,0.024044691000000284
program-184,program,polynomial,counterexample,15,49,6,1,6,0.0,0.0,844,13,unknown,0.0,observed_counterexample,64,1001,6,0.011998731000000262
program-185,program,polynomial,counterexample,15,49,6,1,6,0.0,0.0,903,14,unknown,0.0,observed_counterexample,64,1399,6,0.016005690999999267
program-186,program,polynomial,counterexample,15,49,6,1,6,0.0,0.0,961,15,unknown,0.0040004019999999585,observed_counterexample,64,3504,6,0.023991191000000356
program-187,program,polynomial,counterexample,15,49,6,1,6,0.0,0.0,787,12,unknown,0.0,observed_counterexample,64,874,6,0.012002736999999541
program-188,program,polynomial,counterexample,15,49,6,1,6,0.0,0.0,961,15,unknown,0.0,observed_counterexample,64,1258,6,0.015999753000000005
program-189,program,polynomial,counterexample,15,49,6,1,6,0.0,0.0,903,14,unknown,0.0040138210000000285,observed_counterexample,64,1069,6,0.011993623000000397
program-190,program,polynomial,counterexample,15,49,6,1,6,0.0,0.0,961,15,unknown,0.0,observed_counterexample,64,4020,6,0.04892191100000076
program-191,program,polynomial,counterexample,15,49,6,1,6,0.0,0.0,1016,16,unknown,0.004005910000000057,observed_counterexample,64,733,6,0.00799268099999928
program-192,program,polynomial,counterexample,15,49,6,1,6,0.0,0.0,844,13,unknown,0.0040007419999996685,observed_counterexample,64,914,6,0.007997628000000034
program-193,program,polynomial,stable,15,49,6,1,,0.0,0.0,1240,14,stable,0.0040048979999998124,unknown,64,1522,,0.0119943039999999
program-194,program,polynomial,counterexample,15,49,6,1,6,0.0,0.0,960,15,unknown,0.0,observed_counterexample,64,1137,6,0.015989097000000285
program-195,program,polynomial,counterexample,15,49,6,1,6,0.0,0.0,903,14,unknown,0.0,observed_counterexample,64,1124,6,0.011993412000000703
program-196,program,polynomial,counterexample,15,49,6,1,6,0.0,0.0,961,15,unknown,0.0,observed_counterexample,64,1283,6,0.01601372300000037
program-197,program,polynomial,counterexample,15,49,6,1,6,0.0,0.0,902,14,unknown,0.0038790409999993614,observed_counterexample,64,929,6,0.01199896100000064
program-198,program,polynomial,counterexample,15,49,6,1,6,0.003937317000000107,0.0,844,13,unknown,0.0,observed_counterexample,64,1176,6,0.011998460000000044
program-199,program,polynomial,counterexample,15,49,6,1,6,0.0,0.0,960,15,unknown,0.0,observed_counterexample,64,1757,6,0.015997609000000246
